index,time,xAxis,yAxis,zAxis
0,20,-0.03395,0.04803,-0.04549
1,22,-0.02169,0.04077,-0.07624
2,23,-0.01110,0.03574,-0.10005
3,24,-0.00888,0.03797,-0.11676
4,24,-0.01882,0.04600,-0.15122
5,26,-0.03693,0.04539,-0.16082
6,26,-0.03267,0.04256,-0.15053
7,26,-0.04723,0.04030,-0.12589
8,28,-0.05888,0.03849,-0.10696
9,29,-0.08070,0.02454,-0.08245
10,71,-0.11690,0.01963,-0.06283
11,71,-0.13024,0.01883,-0.05964
12,72,-0.09794,0.02444,-0.06646
13,236,-0.08460,0.01955,-0.05864
14,237,-0.07940,0.01799,-0.04144
15,239,-0.06040,0.02064,-0.02065
16,240,-0.05769,0.01339,-0.00402
17,240,-0.03053,0.00758,0.01475
18,242,-0.01895,0.00607,0.00555
19,242,-0.00891,0.01423,0.00444
20,243,0.00224,0.00826,0.00355
21,243,0.01664,0.00348,0.01534
22,244,0.02269,-0.00034,0.01227
23,320,0.00331,-0.01512,0.01919
24,320,-0.00048,-0.01522,-0.00340
25,321,0.02696,-0.00592,-0.03943
26,322,0.04891,-0.00474,-0.05889
27,322,0.09382,-0.01004,-0.02524
28,445,0.03599,-0.02600,-0.01160
29,446,-0.05090,-0.01768,-0.04287
30,447,-0.08368,-0.00555,-0.03977
31,448,-0.17320,-0.01616,-0.07478
32,448,-0.15731,-0.07152,-0.04498
33,577,-0.07350,-0.10565,-0.08755
34,577,-0.15958,-0.08140,-0.25910
35,581,-0.07298,-0.07762,-0.21666
36,581,-0.00370,-0.07147,-0.18582
37,582,-0.03655,-0.11186,-0.13303
38,583,-0.20268,-0.07074,-0.25018
39,584,-0.18714,-0.00815,-0.33999
40,718,-0.12159,0.03019,-0.29699
41,718,-0.09493,0.00619,-0.24931
42,719,-0.11500,-0.00130,-0.22132
43,720,-0.09200,-0.02838,-0.17081
44,721,0.07249,-0.05083,-0.03274
45,722,0.01268,-0.08598,-0.05041
46,722,-0.21876,-0.06253,-0.23252
47,722,0.00155,-0.04143,-0.08836
48,838,0.28484,-0.10346,0.06916
49,838,0.13334,-0.07964,-0.13061
50,840,-0.05505,0.05582,-0.33027
51,840,-0.12295,0.10247,-0.37672
52,967,0.13914,-0.02818,-0.07559
53,968,0.12382,-0.07411,-0.01516
54,968,0.06546,-0.04991,0.00662
55,968,-0.02966,-0.02196,-0.10486
56,983,0.09189,0.02228,0.00439
57,984,0.01883,-0.01577,-0.07852
58,984,-0.06775,0.03894,-0.07531
59,985,-0.04170,0.04678,-0.08447
60,1109,0.08226,0.05852,-0.05508
61,1110,0.10253,0.01322,-0.05344
62,1110,-0.00001,0.00433,-0.09509
63,1111,0.02109,-0.00201,-0.07842
64,1111,0.00750,0.04683,-0.14242
65,1114,0.13412,0.01325,-0.02878
66,1114,0.10183,-0.10581,0.02932
67,1245,-0.05604,-0.06902,-0.03201
68,1249,-0.06670,0.01509,-0.09827
69,1250,-0.05024,0.01208,-0.09424
70,1252,0.01528,-0.04581,0.04414
71,1252,0.08800,-0.12180,0.12359
72,1268,-0.03897,-0.07635,0.04106
73,1379,-0.16243,-0.02749,-0.00699
74,1379,-0.15729,-0.06730,-0.02122
75,1380,-0.12583,-0.09368,-0.00448
76,1386,-0.11941,-0.15698,0.06361
77,1387,-0.11350,-0.15371,0.07823
78,1387,-0.08767,-0.14719,0.03836
79,1388,-0.19826,-0.11150,-0.01228
80,1525,-0.07658,-0.16576,0.03940
81,1526,0.05202,-0.22401,0.18386
82,1526,0.06271,-0.15499,0.15646
83,1526,0.21188,-0.10212,0.12752
84,1527,0.08670,-0.07857,0.06295
85,1528,0.17951,-0.12692,0.20270
86,1528,0.17408,-0.14763,0.20513
87,1651,0.11504,-0.05717,0.06957
88,1652,0.09516,-0.02464,0.04316
89,1653,0.00582,-0.03768,0.05875
90,1655,-0.08675,-0.07624,0.01028
91,1655,-0.16081,-0.10005,-0.03709
92,1656,-0.14740,-0.02848,-0.11873
93,1656,-0.02964,0.01706,-0.03327
94,1657,0.05285,-0.09963,0.04057
95,1784,-0.24131,0.02732,-0.03473
96,1784,-0.11414,0.09842,-0.02231
97,1784,0.03134,0.11233,-0.06004
98,1785,-0.10071,0.07112,-0.08788
99,1785,0.13975,0.02017,-0.08827
100,1786,0.02273,-0.06902,-0.01280
101,1786,-0.20447,-0.09506,0.05695
102,1905,-0.12373,-0.00261,-0.07944
103,1906,0.04477,0.16276,-0.16434
104,1906,0.24597,0.06927,-0.00647
105,1910,-0.03526,-0.03365,0.22998
106,1911,-0.17742,0.01293,0.16211
107,2032,0.02603,0.07753,0.11484
108,2033,0.13020,-0.23720,0.34188
109,2034,-0.03568,-0.38819,0.30397
110,2035,-0.42230,0.04960,-0.42245
111,2035,-0.42378,0.21390,-0.85358
112,2036,-0.11871,0.14690,-0.29537
113,2037,0.31675,0.05658,0.29183
114,2037,0.41825,0.04527,0.57565
115,2167,0.20335,-0.08332,1.00662
116,2168,-0.08732,0.04350,0.49670
117,2168,0.17389,0.34574,0.23252
118,2169,0.42271,0.27972,0.04304
119,2170,0.45457,0.14799,-0.03900
120,2296,0.14413,-0.02536,-0.24448
121,2296,-0.07689,-0.27341,0.22863
122,2297,-0.01932,-0.38357,0.71025
123,2298,0.24079,-0.37717,1.00179
124,2298,0.21451,-0.21892,0.54206
125,2299,0.10754,-0.14467,-0.00854
126,2300,-0.07881,-0.05167,-0.03183
127,2423,0.00102,0.06804,0.00813
128,2424,-0.04216,0.13724,-0.17318
129,2425,-0.08841,0.12776,-0.23308
130,2425,-0.07698,0.10221,-0.10443
131,2425,-0.06783,0.07239,-0.24214
132,2569,-0.36833,-0.01474,-0.13277
133,2570,-0.54779,1.19368,0.05550
134,2570,0.18364,-0.09193,0.09362
135,2570,0.13520,-0.23214,0.26396
136,2572,0.12925,-0.31696,0.20179
137,2573,-0.03097,-0.19576,-0.15575
138,2574,0.00881,-0.14723,-0.04492
139,2574,0.36408,-0.19747,0.13125
140,2575,0.29752,-0.07829,-0.06531
141,2575,-0.01824,-0.01732,-0.36397
142,2709,-0.11537,0.10568,-0.45289
143,2709,0.56395,0.11501,0.11972
144,2710,0.21913,0.07951,-0.18469
145,2714,-0.40126,0.05111,-0.53526
146,2714,-0.62647,0.33385,-0.40086
147,2716,-0.36055,0.27021,-0.08553
148,2716,-0.07516,0.07320,0.04720
149,2838,-0.01091,-0.04847,0.17213
150,2839,0.07018,-0.15440,0.13458
151,2839,0.06239,-0.23993,0.16313
152,2841,0.02569,-0.21304,0.11176
153,2842,-0.01616,-0.29855,-0.13950
154,2842,-0.49496,-0.48025,-0.25457
155,2969,-0.42019,-0.55529,-0.06694
156,2969,-0.03459,-0.46845,-0.10824
157,2970,0.21061,-0.26148,-0.08971
158,2970,0.10443,-0.13653,-0.23037
159,2971,-0.05708,-0.17016,-0.08976
160,2974,-0.08551,-0.04160,-0.42259
161,2974,0.45112,0.11985,0.34240
162,3098,0.39449,-0.24631,0.36845
163,3099,0.07419,0.02248,0.00179
164,3099,0.28201,0.05471,0.00768
165,3100,0.47873,-0.01405,0.08505
166,3100,0.41658,-0.07530,0.12664
167,3102,0.36061,-0.09071,0.14975
168,3103,0.37130,-0.07882,0.16589
169,3103,0.23298,-0.10290,0.09599
170,3240,0.05201,-0.13388,0.01586
171,3241,-0.07402,-0.12820,-0.03966
172,3242,-0.07172,-0.05100,-0.04657
173,3242,-0.01440,0.01702,-0.04351
174,3243,0.00957,0.03861,-0.05277
175,3362,0.02562,0.07620,-0.04534
176,3363,0.00566,0.06721,-0.04565
177,3364,0.02249,0.04127,-0.02090
178,3364,0.06096,-0.00605,0.01375
179,3365,0.07611,-0.05406,0.02897
180,3365,0.06089,-0.06121,0.01380
181,3366,0.01512,-0.02163,-0.00693
182,3494,0.02147,0.01942,-0.01179
183,3495,0.04452,0.04288,-0.00943
184,3499,0.04812,0.05227,0.00183
185,3500,0.02599,0.03869,0.00459
186,3500,0.01767,0.03720,-0.00258
187,3501,0.03835,0.02664,-0.01144
188,3502,0.03068,-0.02088,-0.03649
189,3622,0.01908,-0.06592,-0.05341
190,3622,0.04261,-0.13789,-0.02476
191,3622,0.06143,-0.13219,0.00206
192,3623,0.06164,0.01378,-0.01085
193,3751,0.01806,0.12665,-0.01493
194,3755,0.02070,0.16226,0.00056
195,3755,0.02594,0.13293,-0.01205
196,3756,0.00825,0.07588,-0.05261
197,3757,-0.02387,0.01461,-0.05693
198,3758,0.02075,-0.04300,-0.02445
199,3759,0.03769,-0.05237,-0.01644
200,3760,0.01531,-0.02705,-0.01627
201,3760,-0.00338,-0.00914,-0.00364
202,3883,-0.01130,0.00441,0.01818
203,3884,-0.00044,0.00118,0.00595
204,3885,0.03324,-0.01468,-0.01399
205,3886,0.02972,-0.04846,-0.02604
206,3886,0.00893,-0.08408,-0.04583
207,3887,-0.03270,-0.15008,-0.04213
208,3887,-0.01132,-0.18413,-0.04621
209,4009,0.00032,-0.14105,-0.04321
210,4010,-0.01146,-0.04565,-0.03145
211,4010,-0.01854,0.03692,-0.01266
212,4011,-0.03046,0.09672,0.01409
213,4013,-0.02749,0.13206,0.02924
214,4135,-0.00949,0.13612,0.02652
215,4135,-0.01697,0.11515,0.00012
216,4136,-0.04092,0.07024,0.00947
217,4138,-0.01164,0.05307,0.02867
218,4138,-0.00306,0.05808,0.02919
219,4139,-0.00870,0.04021,0.01085
220,4139,-0.00384,0.00795,0.00555
221,4139,0.00318,-0.03973,0.02866
222,4267,0.01817,-0.08022,0.02293
223,4267,0.02079,-0.11027,-0.02072
224,4267,-0.01462,-0.10306,-0.01970
225,4268,-0.02967,-0.01526,0.00846
226,4268,-0.01123,0.07295,0.02786
227,4385,-0.03399,0.09820,0.02229
228,4385,-0.05141,0.07856,0.00611
229,4387,-0.04425,0.02301,0.01973
230,4387,0.00132,-0.00269,0.02516
231,4387,0.02215,-0.03262,0.03810
232,4388,0.01225,-0.03547,0.04610
233,4510,-0.00270,-0.02213,0.04313
234,4510,0.02518,0.01902,0.02826
235,4511,0.03890,0.02381,-0.01724
236,4511,-0.06341,0.00733,-0.01067
237,4513,-0.06011,-0.00976,0.01881
238,4513,-0.03324,-0.02265,0.03067
239,4641,-0.03831,-0.04312,0.03079
240,4641,-0.04315,-0.04622,-0.00037
241,4642,-0.06499,-0.03072,-0.03701
242,4643,-0.04887,-0.00974,-0.03508
243,4643,-0.01487,0.01643,-0.02260
244,4644,-0.00252,0.06549,-0.01495
245,4644,0.00111,0.07348,-0.01196
246,4645,0.00088,0.06816,-0.01269
247,4784,0.00071,0.03890,-0.01015
248,4785,-0.00256,0.00378,-0.01359
249,4785,-0.00830,-0.01807,-0.01712
250,4787,0.00274,-0.02696,-0.02932
251,4787,-0.00094,-0.02469,-0.02658
252,4788,-0.00700,-0.02288,-0.01502
253,4788,-0.00872,-0.01830,-0.00889
254,4927,-0.00073,-0.01152,-0.00399
255,4927,0.00254,0.00016,-0.00631
256,4928,0.00516,0.00325,-0.00505
257,4948,0.01038,0.02057,0.00221
258,4949,0.01143,0.02896,0.00489
259,4958,-0.00023,0.02317,-0.00546
260,4958,-0.00644,0.01228,-0.00437
261,4959,-0.01140,-0.00267,-0.00350
262,5066,0.00338,-0.01698,0.01595
263,5067,-0.00355,-0.02609,0.00964
264,5068,-0.01221,-0.03259,0.00459
265,5069,0.00273,-0.02295,0.00679
266,5069,-0.00719,-0.01289,0.01090
267,5070,-0.01200,-0.00406,0.01185
268,5071,-0.00960,0.00613,0.00948
269,5190,-0.01081,0.02287,0.01071
270,5190,-0.01411,0.01517,0.01482
271,5190,-0.01129,0.00042,0.00873
272,5194,-0.00591,-0.01842,-0.00239
273,5194,0.00387,-0.01708,-0.01363
274,5317,0.00622,-0.00507,-0.01091
275,5318,0.01123,0.00220,-0.01498
276,5318,0.00898,0.00176,-0.01198
277,5319,0.01031,0.00453,-0.01583
278,5319,-0.00425,0.00050,-0.01892
279,5321,-0.00653,0.00040,-0.01826
280,5322,0.00103,0.00344,-0.01148
281,5322,0.00395,0.00588,-0.00919
282,5454,0.00316,0.00158,-0.00735
283,5454,-0.00685,-0.00499,-0.00900
284,5455,0.00390,-0.00086,-0.00095
285,5456,-0.00938,-0.00069,-0.00076
286,5456,-0.00438,-0.00055,0.01189
287,5458,-0.00038,-0.00357,0.02201
288,5458,-0.00655,0.00340,0.01995
289,5585,-0.00212,0.00897,0.01362
290,5586,-0.00716,0.01030,-0.00160
291,5586,-0.01511,0.00199,-0.00441
292,5587,-0.00583,-0.00466,-0.00353
293,5587,-0.00154,-0.00060,-0.00282
294,5714,-0.00748,-0.00048,-0.00226
295,5714,-0.00599,0.00586,-0.00493
296,5715,-0.00166,0.00157,-0.00707
297,5717,-0.00758,-0.00187,-0.01191
298,5717,-0.01232,-0.00150,-0.01499
299,5719,0.00577,0.00193,-0.00965
300,5719,0.00462,0.00154,-0.00460
301,5719,0.00057,-0.00502,-0.00055
302,5844,0.00358,-0.00714,-0.00044
303,5844,0.00833,-0.00259,-0.00348
304,5845,0.00667,0.00418,-0.00278
305,5846,0.00221,0.00335,0.00715
306,5848,0.01739,0.00268,0.01197
307,5848,0.01079,0.01152,0.00645
308,5849,0.00551,-0.00329,0.00829
309,5973,0.00440,-0.01200,-0.00275
310,5974,0.00665,-0.00648,0.00093
311,5991,0.00219,0.00107,0.00074
312,5991,0.00176,0.01023,0.00372
313,5992,0.00453,0.00506,0.00297
314,6101,0.00362,-0.00220,-0.00075
315,6101,-0.00648,-0.00489,-0.00372
316,6102,-0.00518,-0.00704,-0.00923
317,6104,-0.00727,0.00062,-0.00426
318,6104,-0.00269,0.01300,0.00284
319,6104,-0.00215,0.00727,0.00540
320,6105,-0.00172,-0.00043,0.00120
321,6234,-0.00685,-0.00660,0.00096
322,6234,-0.00548,-0.01153,0.00077
323,6234,-0.00204,-0.00610,0.00061
324,6235,0.01087,0.00450,0.00674
325,6236,0.00557,0.00672,0.01477
326,6250,0.00133,-0.00087,0.01494
327,6251,0.00107,0.00243,-0.00055
328,6251,-0.00227,-0.00431,-0.00669
329,6370,0.00131,-0.00345,0.00090
330,6371,0.00417,-0.00276,0.00384
331,6374,0.00646,0.00092,-0.00005
332,6374,-0.00421,0.00074,-0.00316
333,6375,-0.00649,0.00059,-0.00878
334,6393,-0.00519,0.00360,-0.01015
335,6394,-0.00415,-0.00025,-0.00187
336,6496,0.00293,0.00293,0.00163
337,6502,0.00547,-0.00391,-0.00182
338,6503,-0.00188,-0.00313,-0.00771
339,6504,-0.00150,-0.00250,-0.00617
340,6505,-0.00433,-0.00200,-0.00493
341,6627,0.00279,0.00465,-0.00082
342,6628,0.00536,0.00059,0.00559
343,6628,0.00116,-0.00265,0.00447
344,6633,0.00405,0.00101,0.00045
345,6633,-0.00301,-0.00232,-0.00589
346,6635,-0.00787,-0.00186,-0.00158
347,6635,0.00542,-0.00149,0.00811
348,6636,0.00746,-0.00431,0.01274
349,6764,-0.00028,-0.00033,0.00081
350,6764,-0.00335,0.00286,-0.00247
351,6765,-0.00268,0.00229,-0.00510
352,6766,-0.00214,-0.00442,-0.00721
353,6766,0.00141,-0.00353,0.00048
354,6767,0.00425,0.00030,0.00039
355,6767,0.00340,0.00024,0.00343
356,6894,-0.00040,0.00644,-0.00038
357,6895,-0.00657,0.00515,-0.00343
358,6895,-0.00526,0.00100,-0.00587
359,6897,-0.00108,0.00080,-0.00157
360,6898,-0.00399,0.00064,0.00187
361,7024,-0.00007,-0.00261,-0.00788
362,7024,-0.00005,-0.00209,-0.00005
363,7025,0.00308,0.00458,0.00308
364,7026,0.00247,0.00054,0.00559
365,7026,-0.00115,0.00043,0.00760
366,7027,-0.00092,-0.00278,0.00295
367,7027,0.00239,-0.00223,-0.00076
368,7028,0.00503,0.00759,-0.00373
369,7154,0.00090,-0.00330,0.00014
370,7156,0.00385,0.00049,0.00636
371,7156,0.00620,0.00351,0.00509
372,7157,-0.00441,-0.00344,-0.00530
373,7157,-0.01212,-0.00275,-0.00737
374,7159,0.00202,0.00092,-0.00590
375,7159,0.00162,0.00074,0.00153
376,7280,0.00129,0.00372,-0.00190
377,7281,-0.00209,0.00297,0.00161
378,7282,-0.00167,-0.00387,0.00441
379,7408,-0.00446,0.00003,-0.00272
380,7409,-0.00357,0.00315,-0.00530
381,7409,0.00027,-0.00373,0.00201
382,7409,0.00334,-0.00299,0.00473
383,7410,0.00267,0.00074,0.00066
384,7412,0.00214,-0.00254,0.00053
385,7412,-0.00141,0.00110,-0.00583
386,7415,-0.00113,-0.00225,-0.00466
387,7415,-0.00091,-0.00180,0.00877
388,7416,0.00553,0.00169,0.00702
389,7533,0.00442,0.00447,0.00249
390,7534,-0.00271,-0.00267,-0.00426
391,7535,-0.00217,-0.00839,-0.00653
392,7535,0.00139,-0.00046,-0.00210
393,7535,0.00111,-0.00037,0.00769
394,7657,0.00714,0.00283,0.00928
395,7657,-0.00366,-0.00086,0.00117
396,7658,-0.00293,0.00244,-0.00219
397,7659,0.00390,-0.00118,-0.00487
398,7659,0.00312,0.00218,-0.00390
399,7661,-0.00063,-0.00450,0.00313
400,7661,0.00575,-0.00360,-0.00062
401,7799,-0.00165,0.00337,-0.00050
402,7799,-0.00132,0.01207,-0.00665
403,7800,-0.00106,-0.00284,0.00093
404,7801,0.00853,-0.00540,0.00387
405,7801,0.00057,-0.00120,0.00310
406,7803,0.00046,-0.00096,-0.00065
407,7803,-0.00588,0.00236,-0.00052
408,7803,-0.00158,-0.00124,-0.00041
409,7931,-0.00126,0.00214,0.00279
410,7931,-0.00101,0.00171,-0.00089
411,7933,-0.00081,-0.00488,0.00241
412,7934,0.00248,-0.00391,0.00193
413,7934,-0.00114,-0.00313,-0.00158
414,7935,0.00221,0.00062,-0.00126
415,7935,0.00177,0.00362,-0.00414
416,8051,-0.00171,0.00290,0.00294
417,8051,0.00176,-0.00081,0.00235
418,8052,0.00453,-0.00064,0.00188
419,8053,-0.00263,0.00261,-0.00162
420,8053,0.00102,0.00209,-0.00130
421,8177,-0.00231,0.00167,-0.00729
422,8178,0.00128,-0.00179,-0.00270
423,8181,0.00415,-0.00143,0.00096
424,8184,0.00019,0.00198,0.00077
425,8184,0.00641,0.00158,-0.00251
426,8184,0.00200,0.00127,-0.00513
427,8185,0.00160,0.00414,-0.00411
428,8185,0.00440,0.00019,0.00297
429,8300,0.00352,-0.00298,0.00550
430,8300,0.00282,-0.00551,0.00127
431,8303,0.00226,-0.00440,0.00102
432,8303,0.00180,-0.00352,-0.00544
433,8428,-0.00168,-0.00282,-0.00122
434,8431,0.00490,0.00712,0.00215
435,8432,0.00080,0.00257,0.00484
436,8432,0.00376,0.00206,0.00075
437,8432,-0.00324,0.00165,0.00060
438,8434,-0.00884,-0.00181,-0.00265
439,8434,0.00230,-0.00770,0.00101
440,8435,0.00497,-0.00303,0.00706
441,8554,0.00085,0.00070,0.00252
442,8555,0.00380,-0.00569,-0.00111
443,8555,-0.00321,-0.00455,-0.00714
444,8556,0.00056,0.00261,0.00054
445,8556,0.00045,0.00521,0.00356
446,8681,0.00348,0.00729,0.00285
447,8681,0.00279,-0.00041,-0.00085
448,8683,0.00223,-0.00033,-0.00068
449,8683,0.00178,-0.00027,-0.00054
450,8684,-0.00170,-0.00021,-0.00356
451,8685,0.00177,-0.00017,-0.00285
452,8685,0.00454,0.00299,0.00085
453,8816,0.00676,-0.00073,0.00380
454,8816,0.00540,0.00254,0.00304
455,8817,0.00120,0.00203,-0.00382
456,8819,-0.00529,-0.00150,0.00320
457,8820,-0.00111,0.00192,0.00256
458,8822,0.00224,0.00154,0.00205
459,8822,-0.00133,-0.00502,0.00476
460,8823,-0.00107,-0.00089,-0.00244
461,8941,-0.00710,-0.00071,-0.00195
462,8945,-0.00256,-0.00369,0.00156
463,8948,0.00108,-0.00296,0.00125
464,8949,0.00399,-0.00236,0.00100
465,8949,0.00007,-0.00189,0.00080
466,9063,-0.00307,0.00161,0.00064
467,9064,-0.00558,0.00441,0.00051
468,9066,0.00803,0.00353,-0.00272
469,9066,0.00018,-0.00342,0.00095
470,9067,0.00639,-0.00586,0.00076
471,9068,0.00511,0.00156,-0.00252
472,9068,-0.00216,0.00437,-0.00826
473,9185,-0.00485,0.00662,-0.00348
474,9188,0.00237,-0.00095,0.00034
475,9188,0.00189,-0.00389,0.00027
476,9190,-0.01098,-0.00311,0.01897
477,9191,-0.03301,0.00689,0.04564
478,9318,-0.05375,-0.01012,0.10604
479,9319,-0.07034,-0.04481,0.18249
480,9319,-0.14221,-0.04757,0.13740
481,9322,-0.29658,-0.06540,0.08258
482,9322,-0.26773,-0.10466,0.08403
483,9324,-0.12591,-0.04701,0.01879
484,9325,-0.07338,0.01708,-0.01622
485,9325,-0.01886,0.01679,-0.01298
486,9449,0.04897,0.04702,-0.02210
487,9449,0.04543,0.06496,-0.06690
488,9462,0.02697,0.06447,-0.10196
489,9463,0.00986,0.07267,-0.09407
490,9463,-0.06868,0.04642,-0.05338
491,9465,-0.11275,0.02151,-0.04036
492,9465,-0.10895,0.00861,-0.01666
493,9592,-0.13873,0.00064,0.01401
494,9593,-0.25786,-0.02371,-0.02238
495,9593,-0.44066,-0.05021,-0.04837
496,9594,-0.39550,-0.06127,0.01364
497,9594,-0.30155,-0.04901,0.04685
498,9597,-0.26234,-0.01499,0.02576
499,9597,-0.29815,-0.00574,-0.04033
500,9598,-0.27211,0.01728,-0.05101
501,9725,-0.15675,0.14195,-0.06815
502,9726,-0.05197,0.24715,-0.07249
503,9727,0.02561,0.32350,-0.08299
504,9728,0.06580,0.35646,-0.04139
505,9730,0.21749,0.31876,0.03095
506,9850,0.32946,0.31282,0.03023
507,9850,0.37685,0.33854,0.02731
508,9853,0.45695,0.36224,0.05856
509,9853,0.37181,0.34213,0.07107
510,9853,0.23651,0.30105,0.02639
511,9854,0.29858,0.28381,0.10705
512,9855,0.28496,0.25752,0.14033
513,9988,0.20062,0.24508,0.09742
514,9989,0.14800,0.16247,0.07481
515,9989,0.11527,0.12685,0.11766
516,9991,-0.22497,0.13273,0.06366
517,9991,-0.28388,-0.05866,0.45952
518,9993,0.07211,-0.40396,1.93324
519,9993,-0.07981,0.51589,-0.86122
520,9993,-0.39588,0.52522,-0.35929
521,10114,-0.22530,0.18814,-0.03431
522,10114,-0.14117,0.23645,-0.13369
523,10115,0.04956,0.25010,-0.04289
524,10115,0.10059,0.19695,0.00787
525,10116,0.08359,0.13647,0.02505
526,10237,-0.02844,0.10293,-0.02918
527,10238,-0.07431,0.07922,-0.05381
528,10238,-0.05320,0.05400,-0.03993
529,10239,-0.01522,0.04945,-0.00772
530,10239,0.02767,0.03331,0.01257
531,10373,0.03386,0.03290,-0.00557
532,10373,-0.00651,0.02944,-0.02555
533,10373,-0.02318,0.02355,-0.02981
534,10374,-0.01854,0.00322,-0.00510
535,10374,0.00939,0.00023,0.00764
536,10376,0.03251,0.00018,0.00299
537,10376,0.01351,0.00249,-0.00074
538,10377,-0.01341,0.00512,-0.00606
539,10377,-0.02011,-0.00137,-0.02360
540,10378,-0.01921,-0.00422,-0.01888
541,10508,-0.00599,-0.00025,0.00052
542,10509,0.01005,0.00527,0.00589
543,10510,0.03538,0.00734,0.01408
544,10510,0.01034,0.00899,-0.00358
545,10513,-0.04329,0.00720,-0.02474
546,10514,-0.04713,0.00576,-0.01979
547,10626,-0.01661,0.01086,-0.01271
548,10630,0.02968,0.00243,0.01718
549,10630,0.02062,0.01132,0.01687
550,10631,-0.01710,0.00593,0.00178
551,10633,-0.01368,-0.00150,0.00142
552,10633,-0.00782,0.00505,-0.00199
553,10751,-0.00001,0.00404,-0.00159
554,10752,0.00937,0.00323,-0.00127
555,10752,0.00750,0.01196,-0.00727
556,10754,0.00287,0.00332,-0.00269
557,10754,-0.00395,-0.00985,-0.00215
558,10876,0.00856,-0.01100,-0.00172
559,10876,0.00997,-0.00880,-0.00450
560,10878,0.00485,-0.00704,-0.00673
561,10880,-0.00159,-0.00251,-0.00851
562,10881,-0.00752,0.00424,-0.00681
563,11014,-0.00602,0.00964,-0.00857
564,11014,-0.00169,0.01397,-0.00373
565,11015,-0.00135,0.00492,0.00952
566,11015,-0.00421,-0.00544,0.01074
567,11015,-0.01586,-0.01372,0.00547
568,11040,-0.01269,-0.02895,0.01297
569,11041,0.01719,-0.02628,0.01037
570,11042,0.01688,-0.00228,0.00283
571,11042,0.00725,0.00677,-0.00711
572,11043,-0.00592,0.00542,0.00369
573,11144,-0.01098,0.00746,0.01154
574,11144,0.00371,-0.00028,0.01236
575,11145,0.01156,-0.00569,0.00364
576,11145,0.00925,-0.00768,-0.00881
577,11148,0.01365,-0.01239,-0.01017
578,11149,0.00467,-0.00054,-0.00814
579,11269,-0.01423,0.02066,-0.00964
580,11270,-0.00826,0.01965,0.00479
581,11270,-0.04020,0.02744,-0.00242
582,11271,-0.02591,0.01023,0.00119
583,11292,-0.01760,-0.01603,-0.00217
584,11292,-0.00236,-0.03157,-0.01111
585,11412,0.01061,-0.03151,-0.01201
586,11414,0.03271,-0.02521,-0.00024
587,11415,0.02929,-0.00142,0.00294
588,11417,0.02031,-0.00113,0.00860
589,11417,0.00140,0.00769,0.01235
590,11426,-0.01763,0.02177,0.00128
591,11426,-0.00473,0.02054,0.00728
592,11427,-0.00691,0.01956,0.00270
593,11536,-0.00240,0.00627,-0.00097
594,11537,-0.00505,-0.00436,-0.01015
595,11538,-0.00091,-0.01208,-0.01437
596,11538,0.00865,-0.01904,0.00100
597,11539,0.00379,-0.00898,0.00705
598,11539,0.00303,0.00141,0.00877
599,11540,-0.00070,0.01050,0.01248
600,11661,-0.00993,0.01465,0.00139
601,11662,0.00143,0.00547,0.00658
602,11665,0.00114,0.00750,0.00839
603,11666,0.00404,0.00600,0.00984
604,11667,0.00011,0.00168,-0.00385
605,11785,0.00009,-0.00491,-0.01245
606,11785,0.00007,-0.01252,-0.00996
607,11785,0.00630,0.00170,-0.01110
608,11786,0.01051,0.01386,0.00050
609,11787,0.00294,0.02593,0.00665
610,11788,-0.01327,0.02075,0.00532
611,11789,-0.01999,-0.00137,0.00113
612,11789,-0.02459,-0.01672,-0.00847
613,11905,-0.00170,-0.03760,-0.01615
614,11905,0.01661,-0.03633,-0.01292
615,11907,0.02579,-0.01656,-0.00721
616,11907,0.01125,0.00472,0.00048
617,11908,0.00588,0.01003,0.01288
618,12029,-0.00077,0.01740,0.01031
619,12030,-0.00061,0.01392,0.00825
620,12032,-0.01299,0.01738,0.00347
621,12033,-0.01039,0.01078,0.00278
622,12033,0.00419,0.00238,0.00222
623,12033,0.00647,-0.00122,-0.00135
624,12034,-0.00732,0.00215,-0.01358
625,12159,-0.00273,-0.00766,-0.00774
626,12160,0.00094,-0.00613,-0.00619
627,12160,0.00075,-0.00803,0.00130
628,12166,0.00373,-0.00330,0.00729
629,12167,-0.00014,0.00674,0.00271
630,12286,0.00301,0.00227,-0.00096
631,12286,0.00553,0.00181,0.00861
632,12286,-0.01120,-0.00168,0.01235
633,12288,0.00354,-0.00759,0.00441
634,12289,0.00283,-0.00842,-0.00584
635,12289,0.01086,-0.00439,-0.01092
636,12416,0.00322,-0.00585,-0.01186
637,12417,-0.00055,0.00703,-0.00949
638,12417,0.00503,0.02438,0.00178
639,12418,0.00402,0.02263,0.01314
640,12419,-0.00225,0.01185,0.00817
641,12419,-0.01743,-0.00302,0.00029
642,12555,-0.02019,-0.01179,-0.00602
643,12555,-0.00678,-0.01803,-0.01107
644,12555,0.01020,-0.01130,-0.00573
645,12556,0.00816,-0.00357,-0.00458
646,12556,-0.00284,-0.00598,0.00258
647,12557,-0.00228,0.00147,0.00207
648,12557,0.00755,0.00742,0.00478
649,12558,0.01464,0.01531,0.00695
650,12684,0.00546,0.01538,0.00556
651,12685,-0.00110,0.01230,-0.00180
652,12685,-0.00401,0.00359,-0.00769
653,12685,0.01164,-0.00025,0.00010
654,12686,0.00931,-0.00645,0.00320
655,12687,0.00120,-0.01141,-0.00369
656,12687,-0.01701,-0.00600,-0.00608
657,12824,-0.01986,-0.00793,0.00139
658,12825,0.00286,-0.00322,0.01283
659,12825,0.02338,0.00055,0.01964
660,12826,0.02808,-0.00581,0.00634
661,12826,-0.00253,0.00473,-0.00977
662,12828,-0.00437,0.01316,-0.01407
663,12828,0.01135,0.01053,-0.01126
664,12950,0.00908,0.01780,0.00037
665,12950,0.00414,0.02283,0.00342
666,12951,-0.02091,0.00967,0.00274
667,12951,-0.03782,-0.00164,-0.01031
668,12952,-0.01541,-0.01694,-0.00200
669,12953,0.00876,-0.01667,0.00153
670,12953,0.01639,-0.00396,0.00435
671,12953,0.00998,0.00620,0.00660
672,13072,0.00486,0.01981,-0.00097
673,13072,-0.00470,0.01897,-0.00702
674,13074,0.01421,0.00893,-0.00249
675,13074,0.03011,-0.00145,-0.00512
676,13074,0.02409,-0.00429,-0.01035
677,13198,0.00052,-0.00343,-0.02625
678,13198,0.00354,-0.00899,-0.03350
679,13199,0.01533,-0.02282,-0.04477
680,13200,0.02399,-0.04247,-0.03894
681,13200,0.01919,-0.05820,-0.03428
682,13200,0.00910,-0.07078,-0.01492
683,13319,0.00728,-0.05975,0.03025
684,13319,-0.05511,0.00689,0.05779
685,13319,-0.13862,0.05161,0.03999
686,13320,-0.16558,0.05300,0.02886
687,13320,-0.08716,0.05178,0.05668
688,13321,-0.04472,0.05705,0.05472
689,13453,-0.02953,0.05111,0.03440
690,13453,-0.00253,0.04401,0.00955
691,13454,0.05579,-0.00698,-0.01033
692,13454,0.11494,-0.05480,-0.01451
693,13454,0.14352,-0.08915,-0.01161
694,13455,0.13356,-0.08695,-0.01241
695,13592,0.04591,-0.04534,-0.01305
696,13594,0.00626,-0.01205,0.00753
697,13594,-0.06530,0.00598,0.01852
698,13594,-0.11630,0.03525,-0.01565
699,13595,-0.06257,0.01883,-0.00627
700,13596,-0.02272,-0.00603,0.00983
701,13596,0.00917,-0.03217,0.02036
702,13597,-0.01063,-0.03511,-0.01731
703,13729,-0.02413,-0.03746,-0.02947
704,13731,-0.01305,-0.03544,-0.02045
705,13737,0.01065,-0.03148,-0.01324
706,13737,-0.00945,-0.01893,0.00816
707,13737,-0.05365,-0.00655,0.01825
708,13738,-0.07652,0.03460,0.00288
709,13739,-0.00887,0.11596,-0.00395
710,13873,-0.00397,0.19043,-0.03363
711,13880,-0.03677,0.16484,0.00044
712,13881,-0.10285,0.14984,-0.06996
713,13883,-0.17681,0.08628,-0.10206
714,13883,-0.11098,0.00496,-0.09024
715,14003,0.03621,-0.03275,-0.07844
716,14003,0.13600,-0.07776,-0.06275
717,14004,0.22443,-0.10205,-0.05020
718,14004,0.24360,-0.05977,-0.01282
719,14005,0.16129,-0.02360,0.00537
720,14007,0.05325,0.01784,-0.00195
721,14007,-0.04334,0.03224,-0.01719
722,14007,-0.07139,0.00783,-0.02547
723,14138,-0.04149,-0.01561,0.00072
724,14138,-0.02381,-0.02109,0.00995
725,14139,0.01142,-0.02937,0.01968
726,14140,0.04820,-0.02662,0.02824
727,14140,0.05731,-0.01817,0.03509
728,14142,0.04897,-0.01141,0.01870
729,14143,0.04543,-0.02475,0.01496
730,14272,0.04494,-0.01980,0.00884
731,14273,0.03282,-0.01584,0.00707
732,14274,0.01141,-0.00642,0.00878
733,14276,-0.01196,-0.00201,0.01015
734,14276,-0.00410,0.00464,0.01984
735,14277,0.02172,0.00996,0.02212
736,14277,0.03534,0.01969,0.03645
737,14278,0.00406,0.04075,0.03775
738,14407,-0.07644,0.05682,0.03645
739,14407,-0.13459,0.06655,0.03541
740,14409,-0.14986,0.05949,0.03770
741,14409,-0.13551,0.05697,0.04501
742,14409,-0.07794,0.09401,0.05163
743,14538,-0.09595,0.15177,0.01084
744,14538,-0.14707,0.08470,-0.02493
745,14539,-0.06844,0.04041,-0.07228
746,14539,-0.00866,-0.03486,-0.10001
747,14539,0.08448,-0.12554,-0.12298
748,14540,0.10977,-0.16450,-0.12573
749,14666,0.12141,-0.18081,-0.08886
750,14667,0.08854,-0.12903,-0.05234
751,14667,0.01848,-0.07588,-0.04187
752,14668,-0.00943,-0.03648,-0.01240
753,14669,-0.02239,0.01378,0.00258
754,14669,-0.03354,0.03837,0.00831
755,14670,0.00052,0.03382,0.02149
756,14670,0.03713,0.01221,0.02657
757,14671,0.06642,-0.01835,0.03063
758,14798,0.09298,-0.05062,0.02763
759,14798,0.10485,-0.05925,0.02757
760,14799,0.08076,-0.06224,0.02831
761,14800,0.04273,-0.04979,0.01640
762,14800,0.01934,-0.03124,0.02562
763,14918,0.00610,-0.02187,0.03299
764,14918,-0.01934,-0.01437,0.03811
765,14919,-0.03344,-0.00212,0.03987
766,14920,-0.02675,0.00768,0.04674
767,14920,-0.02765,0.01786,0.05926
768,14923,-0.03462,0.02991,0.05054
769,14923,-0.03395,0.04190,0.05215
770,15054,-0.03575,0.05540,0.03859
771,15055,-0.05907,0.05603,0.04337
772,15055,-0.08710,0.06358,0.04407
773,15057,-0.10327,0.05633,0.04151
774,15057,-0.06465,0.07319,0.03633
775,15059,-0.03922,0.18043,0.01969
776,15059,-0.11731,0.23575,-0.02722
777,15060,-0.15166,0.17063,-0.11630
778,15185,-0.10571,-0.00100,-0.16023
779,15186,0.11934,-0.17502,-0.10709
780,15187,0.29704,-0.18533,-0.04583
781,15187,0.23138,-0.07560,-0.01791
782,15188,0.05151,-0.03314,-0.02371
783,15305,-0.01739,0.02896,-0.01584
784,15305,-0.05610,0.07473,-0.01267
785,15306,-0.04175,0.01994,-0.01951
786,15307,0.00566,-0.05983,-0.02186
787,15307,0.06859,-0.10880,-0.01124
788,15309,0.08534,-0.10892,-0.01524
789,15309,0.07765,-0.09573,-0.00594
790,15434,0.05899,-0.07424,-0.00475
791,15434,0.03235,-0.04377,-0.01865
792,15435,0.03447,-0.01392,-0.00320
793,15436,0.04008,-0.00488,0.00994
794,15436,0.03831,0.00234,0.01733
795,15565,0.02753,0.01984,0.02558
796,15566,-0.00220,0.02837,0.03921
797,15566,-0.00801,0.03207,0.05559
798,15567,-0.00953,0.04050,0.05619
799,15567,0.00487,0.05115,0.06683
800,15567,-0.02110,0.07452,0.08081
801,15699,-0.06844,0.09321,0.08261
802,15700,-0.11257,0.09253,0.07234
803,15700,-0.14787,0.08028,0.04615
804,15700,-0.14642,0.04860,0.02130
805,15710,-0.05542,0.01466,0.01391
806,15711,0.08067,0.06095,0.05410
807,15711,-0.07297,0.10344,-0.01766
808,15712,-0.12869,0.05229,-0.08444
809,15713,-0.13967,-0.01911,-0.15271
810,15832,0.03202,-0.12544,-0.14717
811,15833,0.15061,-0.14332,-0.10836
812,15834,0.11424,-0.10528,-0.06247
813,15834,0.01483,-0.08735,-0.04685
814,15835,-0.08267,-0.03629,-0.06170
815,15837,-0.04738,0.00144,-0.02514
816,15837,-0.00119,-0.00744,0.00411
817,15967,0.03577,-0.02783,0.01891
818,15967,0.05908,-0.03711,0.02763
819,15968,0.08633,-0.02656,0.02757
820,15984,0.11203,-0.04000,0.03456
821,15990,0.11384,-0.04450,0.03077
822,16117,0.10045,-0.04419,0.03946
823,16117,0.06552,-0.03848,0.02922
824,16117,0.01882,-0.03078,0.01713
825,16118,-0.01307,-0.03400,0.00745
826,16119,-0.02217,-0.03658,0.01534
827,16120,-0.03336,-0.02926,0.02086
828,16121,-0.02044,-0.02341,0.02919
829,16121,-0.00698,-0.00310,0.03273
830,16123,-0.02433,0.02174,0.03165
831,16123,-0.03431,0.03926,0.03782
832,16239,-0.03370,0.04313,0.04901
833,16239,-0.03946,0.04388,0.06342
834,16240,-0.04016,0.04135,0.06871
835,16249,-0.05400,0.04793,0.06122
836,16249,-0.05492,0.03522,0.04272
837,16365,-0.01972,0.01333,0.04355
838,16366,0.01782,0.02551,0.07156
839,16366,-0.00684,0.14541,0.09397
840,16367,-0.13360,0.28117,0.02908
841,16367,-0.21703,0.25853,-0.08689
842,16493,-0.14941,0.08182,-0.18201
843,16494,0.09688,-0.12048,-0.13624
844,16501,0.22438,-0.19404,-0.06055
845,16502,0.21935,-0.10054,-0.05782
846,16502,0.04735,-0.01950,-0.08219
847,16503,-0.07540,0.01253,-0.09622
848,16504,-0.12751,0.04596,-0.11370
849,16631,-0.02857,-0.05464,-0.06049
850,16632,0.06230,-0.07418,-0.02730
851,16648,0.11703,-0.09294,-0.00621
852,16653,0.13972,-0.06185,-0.00497
853,16653,0.09615,-0.02526,-0.00163
854,16654,0.05583,-0.00146,0.00494
855,16655,0.01419,0.01368,-0.00229
856,16794,-0.02849,0.02344,-0.00418
857,16795,-0.05014,0.02422,-0.00647
858,16796,-0.03073,0.02563,-0.01455
859,16797,-0.00974,0.02363,-0.01476
860,16797,0.00471,0.00953,-0.00244
861,16916,0.01314,0.00215,0.02227
862,16917,-0.00824,0.01032,0.05141
863,16917,-0.09487,0.02388,0.04113
864,16917,-0.09152,-0.01137,0.01493
865,16918,0.02131,-0.00597,0.03304
866,16919,0.02330,0.01944,0.04440
867,16920,0.00067,-0.00007,0.03240
868,16920,0.00366,-0.00865,0.01732
869,16922,0.00918,-0.02567,-0.00802
870,16922,0.04094,-0.01741,-0.00954
871,17043,0.03509,-0.01705,-0.00451
872,17043,0.01636,-0.01364,-0.00360
873,17044,-0.01426,-0.00154,-0.01148
874,17045,-0.02391,0.00814,-0.01231
875,17045,-0.04959,0.00651,-0.00985
876,17047,-0.05764,-0.00729,-0.01100
877,17048,-0.03440,-0.03630,0.00057
878,17048,-0.00877,-0.04154,0.01530
879,17166,0.01095,-0.02698,0.02787
880,17166,-0.00686,-0.00909,0.01917
881,17168,-0.01721,0.01070,0.01846
882,17168,-0.02002,0.01794,0.03586
883,17168,-0.00664,0.01435,0.03806
884,17286,0.00641,0.00835,0.02108
885,17287,0.01763,-0.00269,0.01061
886,17288,0.02973,-0.00215,0.00849
887,17288,0.03862,-0.00172,0.00992
888,17289,0.02152,-0.00138,0.00481
889,17290,-0.01325,-0.00657,0.00385
890,17290,-0.03169,-0.01463,0.00308
891,17406,-0.01598,-0.00858,-0.00066
892,17407,0.00519,-0.01624,-0.00053
893,17407,0.01977,-0.02784,0.00583
894,17409,0.00332,-0.03477,-0.00159
895,17409,-0.00672,-0.01844,-0.00440
896,17534,0.00400,-0.00303,-0.00352
897,17534,0.01257,0.01007,0.00969
898,17534,0.00381,0.00806,0.01400
899,17536,-0.02117,0.00645,0.00807
900,17536,-0.03256,0.00516,0.00021
901,17537,-0.00730,0.00725,0.00642
902,17538,0.01525,0.01518,0.00513
903,17538,0.01533,0.01761,0.00411
904,17667,-0.01196,0.00862,-0.00296
905,17668,-0.01269,-0.00873,-0.00550
906,17672,0.00782,-0.01011,0.00185
907,17672,0.01875,-0.00809,0.00148
908,17673,0.02125,-0.00334,0.01369
909,17802,0.01075,-0.00580,0.01329
910,17802,0.01173,0.00473,0.02313
911,17803,0.00626,0.01004,0.02163
912,17803,0.00813,0.00491,0.01106
913,17804,0.00025,0.00392,-0.00912
914,17805,0.01192,0.00001,-0.00417
915,17805,0.01891,0.01173,-0.00646
916,17928,0.01513,0.03438,0.00655
917,17928,-0.00899,0.02126,0.01149
918,17929,-0.02594,-0.00721,0.00607
919,17934,-0.02075,-0.03077,-0.00687
920,17934,-0.00098,-0.04259,-0.01799
921,17936,0.02656,-0.02469,-0.00814
922,17936,0.03687,0.00446,-0.00027
923,17937,-0.00097,0.01295,0.00291
924,18067,-0.01640,0.01348,0.00780
925,18067,-0.01000,0.01079,0.00624
926,18068,0.00138,0.00863,0.01437
927,18068,0.01595,0.00065,0.00212
928,18069,0.00338,-0.00260,-0.00377
929,18070,-0.02151,-0.00833,-0.00614
930,18070,-0.01096,-0.00979,-0.00179
931,18189,-0.00252,-0.00158,-0.00143
932,18189,-0.00826,-0.00439,0.00120
933,18189,-0.00036,0.00586,0.00408
934,18192,0.01455,0.00781,0.00952
935,18193,0.00617,0.00938,0.00761
936,18317,-0.00444,-0.00187,-0.00328
937,18317,-0.00042,-0.01712,-0.00497
938,18319,-0.00346,-0.01057,-0.00398
939,18320,0.00895,0.00092,-0.00943
940,18456,0.01028,0.01323,0.00105
941,18456,-0.00037,0.02230,-0.00150
942,18457,-0.00654,0.01784,0.00114
943,18457,-0.00211,0.00256,0.00716
944,18457,0.00144,-0.00420,-0.00286
945,18458,-0.00510,-0.01274,-0.00542
946,18458,0.00529,-0.01019,-0.00433
947,18459,0.00658,-0.00815,-0.00347
948,18590,0.00292,-0.00965,0.00582
949,18590,-0.01329,0.00478,-0.00081
950,18592,0.00187,0.00383,0.00169
951,18596,0.01009,0.00931,-0.00099
952,18596,0.00260,0.00745,0.00155
953,18597,-0.00417,0.00283,0.00124
954,18598,-0.01271,0.00539,-0.00447
955,18598,-0.00704,0.00119,-0.00045
956,18722,0.00062,-0.00217,0.00198
957,18723,0.00909,-0.00486,-0.00076
958,18724,0.00493,-0.00389,-0.00373
959,18724,-0.00543,0.00001,0.00014
960,18725,-0.01685,-0.00312,-0.00614
961,18726,-0.00098,-0.00249,0.00134
962,18727,0.01094,-0.00512,0.00341
963,18854,0.00641,-0.00722,0.00039
964,18855,-0.00113,-0.00578,-0.00281
965,18855,-0.00715,-0.00150,-0.00225
966,18857,-0.00572,0.00193,0.00132
967,18983,-0.00458,-0.00158,0.00106
968,18983,-0.00054,-0.00439,0.00085
969,18985,-0.00043,-0.00039,0.00068
970,18985,0.00278,-0.00031,0.00289
971,18986,-0.00090,0.00288,-0.00003
972,18986,0.00241,-0.00395,-0.00003
973,18988,0.00505,-0.00316,0.00232
974,18988,-0.00534,0.00060,-0.00361
975,18988,-0.01052,0.00673,-0.00601
976,19110,-0.00529,0.00538,-0.00169
977,19110,0.00827,0.00431,0.00178
978,19114,0.00661,-0.00281,0.00142
979,19115,-0.00096,-0.00224,-0.00199
980,19115,-0.00702,-0.00180,-0.00159
981,19116,-0.00874,-0.00144,0.00185
982,19116,-0.00074,-0.00115,0.00148
983,19241,0.00253,-0.00092,0.00119
984,19242,-0.00422,-0.00074,-0.00843
985,19243,-0.00338,-0.00684,-0.00049
986,19243,0.00355,0.00390,-0.00039
987,19244,0.01768,-0.00000,0.00281
988,19246,0.00555,0.00312,0.00225
989,19246,-0.01743,-0.00063,-0.00758
990,19247,-0.03192,0.00575,0.00019
991,19369,-0.01069,0.01085,0.01812
992,19369,0.02504,-0.02804,0.01450
993,19503,-0.05887,-0.05603,-0.02512
994,19504,-0.09319,-0.05107,0.06584
995,19504,0.01373,-0.12367,0.18627
996,19505,0.01098,-0.13487,0.11620
997,19505,-0.05528,-0.15087,0.08983
998,19507,-0.08953,-0.19101,-0.01719
999,19507,-0.02631,-0.16843,-0.15047
1000,19507,-0.07574,-0.07302,-0.20319
1001,19509,0.01285,-0.03733,-0.16255
1002,19509,0.18137,-0.04236,-0.08707
1003,19634,0.13885,-0.04561,-0.11263
1004,19636,0.08373,0.00023,-0.11120
1005,19637,0.10371,0.02128,-0.09521
1006,19637,0.06421,0.01390,-0.11601
1007,19637,-0.08613,-0.00138,-0.19984
1008,19639,-0.11734,0.02936,-0.18096
1009,19639,0.01550,0.03287,-0.06821
1010,19640,0.11631,0.00207,0.01809
1011,19774,0.05945,-0.05615,0.00900
1012,19774,-0.07744,-0.12148,-0.04514
1013,19775,-0.17133,-0.16438,-0.03611
1014,19776,-0.14331,-0.15572,-0.00155
1015,19777,-0.09668,-0.15504,0.03236
1016,19777,-0.11406,-0.20685,-0.01943
1017,19778,-0.31078,-0.26626,-0.11945
1018,19905,-0.36737,-0.25520,-0.11353
1019,19905,-0.19312,-0.18931,-0.06035
1020,19905,-0.04824,-0.19364,-0.08188
1021,19909,-0.19406,-0.28382,-0.17566
1022,19910,-0.32010,-0.28799,-0.12803
1023,20042,-0.20998,-0.19680,-0.03523
1024,20043,-0.07970,-0.17853,-0.00709
1025,20043,0.06436,-0.18579,0.00370
1026,20045,0.15540,-0.17910,-0.00016
1027,20045,0.00244,-0.19797,0.03346
1028,20060,0.03867,-0.16775,0.09396
1029,20060,0.09500,-0.16467,0.11735
1030,20061,0.15491,-0.17705,-0.09205
1031,20181,0.06611,-0.01976,-0.27208
1032,20182,0.16539,0.01466,-0.19892
1033,20184,0.09012,0.07266,-0.18101
1034,20184,-0.01931,0.25032,-0.16590
1035,20184,0.14002,0.25494,-0.00459
1036,20186,0.24639,0.18286,0.02054
1037,20186,0.17524,0.18926,0.06253
1038,20311,0.06441,0.13578,0.06487
1039,20312,-0.04925,0.06644,-0.02389
1040,20315,-0.17065,-0.02341,-0.12302
1041,20315,-0.27715,-0.18357,-0.18123
1042,20316,-0.24281,-0.25389,-0.12311
1043,20317,-0.02628,-0.26405,0.05386
1044,20318,0.13757,-0.25968,0.18996
1045,20318,0.16474,-0.21712,0.13634
1046,20444,0.37008,-0.19244,0.16064
1047,20444,0.19840,-0.11724,0.04648
1048,20445,-0.26862,-0.09691,-0.12454
1049,20445,-0.23677,-0.08925,-0.02619
1050,20446,-0.08551,-0.16281,0.04311
1051,20587,0.13315,-0.33806,0.32746
1052,20587,0.19480,-0.26732,0.37759
1053,20588,0.38162,-0.25683,0.28098
1054,20588,0.00374,-0.06484,0.19431
1055,20588,0.01783,0.07938,0.15233
1056,20589,0.00255,0.12444,0.15545
1057,20597,-0.10187,0.20346,0.10874
1058,20722,-0.07212,0.36980,-0.10520
1059,20722,0.01809,0.62553,-0.26072
1060,20723,-0.59881,0.91605,-0.69998
1061,20723,-0.35717,1.20549,-0.70999
1062,20725,0.23614,0.56127,-0.26564
1063,20725,0.49438,0.37011,0.14452
1064,20726,0.58769,0.20468,0.27733
1065,20862,0.22874,0.07781,0.20936
1066,20863,-0.07325,-0.24557,0.20421
1067,20864,-0.05235,-0.46520,0.37118
1068,20865,-0.12079,-0.78701,0.73601
1069,20866,-0.01147,-0.95929,1.15990
1070,20868,0.75098,-0.65181,1.18104
1071,20868,0.86250,-0.31988,0.51437
1072,20868,0.00094,-0.08481,-0.43382
1073,20991,-0.59456,0.05715,-0.54549
1074,20992,-0.53971,0.46994,-0.79343
1075,21006,-0.18490,0.61423,-0.62849
1076,21006,-0.08698,0.58592,-0.53014
1077,21006,-0.18833,0.47186,-0.41473
1078,21013,-0.26317,0.46264,-0.36851
1079,21014,0.02072,0.27558,-0.23074
1080,21136,-0.00765,0.08297,-0.20881
1081,21136,-0.14049,-0.04925,-0.09439
1082,21136,-0.28583,-0.14018,0.05027
1083,21138,-0.40601,-0.13636,0.10974
1084,21138,-0.40996,-0.11847,0.00264
1085,21140,-0.22406,-0.13149,-0.00101
1086,21140,0.03403,-0.20910,0.04841
1087,21141,0.11238,-0.24619,0.12076
1088,21286,0.10240,-0.25554,0.12082
1089,21287,0.16708,-0.16772,0.13338
1090,21287,0.16179,-0.10683,0.09186
1091,21287,-0.01744,-0.08234,-0.02729
1092,21288,0.03761,-0.12368,-0.13199
1093,21404,0.12540,-0.10832,-0.06887
1094,21404,0.22219,0.02037,0.09412
1095,21405,0.22307,-0.04464,0.10342
1096,21406,0.23705,-0.15446,0.10383
1097,21406,0.17089,-0.24935,0.14400
1098,21541,0.14921,-0.21432,-0.10433
1099,21542,0.11312,-0.07693,-0.06550
1100,21542,0.22799,-0.00685,-0.04302
1101,21542,0.09958,0.03749,-0.21410
1102,21543,-0.21955,0.05733,-0.40956
1103,21543,-0.17799,0.08258,-0.34328
1104,21544,0.18652,-0.00112,-0.18868
1105,21545,0.20156,-0.06183,-0.16657
1106,21546,0.06047,-0.22056,0.03471
1107,21546,-0.32116,-0.21317,0.00043
1108,21671,-0.19286,-0.29553,0.09487
1109,21672,0.05665,-0.10518,-0.04051
1110,21675,0.03594,0.08070,-0.23006
1111,21675,-0.07515,0.00675,-0.05046
1112,21676,-0.16090,-0.10788,0.10963
1113,21822,-0.00919,-0.07381,0.19161
1114,21823,-0.05970,-0.01061,0.08298
1115,21823,-0.16026,0.03136,-0.00080
1116,21823,-0.18602,0.04071,-0.08346
1117,21824,-0.02381,0.01382,0.03714
1118,21825,-0.18077,0.11809,-0.10154
1119,21826,-0.25790,0.17728,-0.17889
1120,21828,-0.19694,0.12620,-0.10326
1121,21828,0.20573,0.08846,0.22598
1122,21828,-0.29011,0.31530,-0.12156
1123,21967,-0.25084,0.33427,-0.12147
1124,21967,0.04074,0.12445,0.23798
1125,21969,0.15134,0.15737,0.27007
1126,21969,0.18201,0.19933,0.35356
1127,21970,0.29873,0.08290,0.55394
1128,21980,0.26321,0.07257,0.53456
1129,21981,0.08244,0.08228,0.41905
1130,22143,-0.01686,0.21582,0.31102
1131,22144,0.00214,0.24844,0.21523
1132,22144,0.07202,0.24485,0.11984
1133,22145,0.13027,0.21697,0.12009
1134,22146,0.19641,0.21654,0.08123
1135,22151,0.19619,0.21855,0.00092
1136,22152,0.12648,0.20843,-0.09692
1137,22155,0.02540,0.16675,-0.17207
1138,22291,0.04767,0.08808,-0.10094
1139,22292,0.06860,0.06109,-0.01356
1140,22294,0.05488,0.02466,0.05009
1141,22295,0.03453,-0.00762,0.04554
1142,22295,0.01278,-0.02797,0.00049
1143,22298,0.01647,-0.02785,-0.01210
1144,22298,-0.10323,0.01366,-0.04015
1145,22425,-0.18649,-0.02266,-0.01962
1146,22426,-0.10935,-0.06969,0.02336
1147,22426,-0.00779,-0.05888,0.04057
1148,22429,0.04846,0.00524,0.04730
1149,22429,0.02001,0.01904,0.00424
1150,22562,0.01054,0.04257,-0.04504
1151,22563,0.00531,0.00984,-0.04853
1152,22564,-0.20044,0.02896,-0.04508
1153,22565,-0.12363,0.01458,-0.05403
1154,22565,0.15734,-0.01881,0.12787
1155,22567,0.08916,0.18027,0.11714
1156,22567,0.28539,0.28093,0.27106
1157,22568,0.39550,0.20678,0.27778
1158,22569,0.35312,0.11620,0.28004
1159,22570,0.08718,0.18749,0.09278
1160,22703,-0.17401,0.24765,0.06172
1161,22703,-0.14858,0.22625,0.10172
1162,22703,-0.00246,0.14115,0.12669
1163,22704,-0.03868,0.08870,0.10760
1164,22705,-0.00673,0.06471,0.14389
1165,22823,0.27196,0.01193,0.24637
1166,22824,0.24569,0.00329,0.17912
1167,22824,0.15046,0.00263,0.06986
1168,22825,0.05318,-0.00414,-0.01130
1169,22825,0.02458,-0.03066,-0.00591
1170,22826,-0.03268,-0.06671,0.02261
1171,22826,-0.03552,-0.05650,0.02434
1172,22952,0.05752,-0.02098,-0.02037
1173,22952,0.07024,-0.01366,-0.08583
1174,22953,-0.01725,-0.02030,-0.09679
1175,22955,-0.04427,-0.02562,-0.05868
1176,22955,0.01380,-0.03221,-0.00398
1177,22955,0.03214,-0.02264,-0.00631
1178,22957,0.01946,-0.01812,-0.02692
1179,22957,0.00932,-0.02074,-0.03013
1180,23072,0.02933,-0.01972,-0.00926
1181,23073,0.01721,-0.02515,0.01134
1182,23073,0.02627,-0.01700,0.00907
1183,23075,0.02102,0.00515,-0.03883
1184,23076,-0.00506,0.00647,-0.04044
1185,23198,-0.02827,-0.04014,0.04108
1186,23199,0.05082,-0.06570,0.12115
1187,23199,0.11097,-0.02522,0.09692
1188,23200,-0.02138,-0.01393,0.02285
1189,23201,-0.13038,0.00370,-0.06453
1190,23203,0.02147,0.01546,-0.10319
1191,23203,-0.01095,-0.03060,-0.00911
1192,23318,-0.13688,-0.00260,-0.00729
1193,23318,-0.09701,0.01276,-0.00271
1194,23319,-0.01042,-0.00151,-0.01154
1195,23325,0.00964,0.01989,-0.05220
1196,23326,0.02958,0.03700,-0.11442
1197,23576,-0.05290,0.02335,-0.10091
1198,23576,-0.04857,0.00696,-0.04088
1199,23576,-0.03573,0.00557,0.00401
1200,23578,-0.03483,0.01383,-0.00929
1201,23578,-0.03958,0.01966,-0.05353
1202,23798,-0.05589,0.00713,-0.06079
1203,23798,-0.03299,-0.00992,0.00293
1204,23799,-0.04436,-0.01418,0.05156
1205,23799,-0.02690,-0.00197,0.03813
1206,23800,-0.00902,-0.00158,0.00628
1207,23800,0.01076,-0.01064,0.01049
1208,23801,0.01485,-0.01476,0.02090
1209,23801,-0.01234,-0.01181,0.00422
1210,23803,-0.01924,-0.00632,-0.00522
1211,23804,0.00023,-0.01131,0.00442
1212,23806,-0.00607,-0.01451,0.00978
1213,23806,-0.01970,-0.01161,0.01095
1214,23807,-0.01576,-0.00382,0.01814
1215,23857,-0.01026,0.00319,-0.00112
1216,23858,-0.00508,-0.00057,0.00848
1217,23858,-0.01891,-0.00905,0.01304
1218,23858,-0.03700,-0.01974,0.01043
1219,23866,-0.02335,-0.01892,0.00522
1220,23868,0.01491,-0.01201,-0.01692
1221,23868,0.00880,-0.00961,-0.03541
1222,24172,0.00157,-0.01394,-0.00098
1223,24173,-0.01124,-0.01115,0.01171
1224,24173,-0.01212,-0.00267,0.00624
1225,24174,0.00593,0.00412,-0.00672
1226,24174,0.01334,0.01267,-0.01788
1227,24176,0.00208,0.00701,-0.00805
1228,24176,-0.00146,-0.00064,0.00840
1229,24176,-0.01055,0.00261,0.00672
1230,24178,0.00406,0.00209,-0.00087
1231,24178,0.01184,0.01026,-0.02179
1232,24180,0.02510,-0.00038,-0.01743
1233,24180,0.02008,-0.00656,-0.00145
1234,24181,0.00356,-0.01149,0.00509
1235,24183,-0.01512,-0.01857,0.01579
1236,24184,-0.02772,-0.00548,-0.01158
1237,24185,-0.02843,-0.00751,0.00011
1238,24185,-0.00087,-0.00601,0.02743
1239,24185,-0.01944,-0.00793,0.01569
1240,24187,-0.00305,-0.00322,0.01255
1241,24187,0.00068,0.00055,0.00067
1242,24229,0.00680,0.00044,0.00366
1243,24230,0.00544,0.00660,-0.00645
1244,24231,-0.00815,0.00216,-0.00203
1245,24358,0.01457,0.00172,-0.01022
1246,24359,0.00619,-0.00175,-0.02068
1247,24360,-0.03489,-0.01624,0.03190
1248,24360,-0.01307,-0.01612,0.08411
1249,24361,0.05048,0.00195,0.04541
1250,24363,0.03179,0.02578,-0.03945
1251,24363,0.01918,0.01828,-0.05656
1252,24484,0.01847,0.00212,-0.01165
1253,24484,0.00853,0.00170,0.01880
1254,24484,0.06776,0.01620,0.02363
1255,24604,0.09093,0.01921,-0.02015
1256,24604,-0.00695,0.01849,-0.08331
1257,24604,-0.02665,0.01167,-0.06665
1258,24605,-0.01820,-0.02426,0.04668
1259,24605,-0.03253,-0.00691,0.09281
1260,24607,-0.02368,0.00698,0.04691
1261,24607,0.07325,0.02355,0.00393
1262,24609,0.07032,0.00946,-0.00623
1263,24609,0.00469,0.00132,-0.00498
1264,24610,0.01313,0.00106,0.00539
1265,24723,0.02847,0.00085,0.01290
1266,24723,0.04387,0.01005,-0.01077
1267,24725,0.04135,-0.00133,-0.00862
1268,24725,0.02370,0.00518,-0.01939
1269,24725,-0.00838,-0.01070,0.00011
1270,24843,-0.00671,-0.02106,0.04618
1271,24843,0.06495,-0.02622,0.09163
1272,24844,0.01524,-0.01785,0.04596
1273,24845,0.02157,0.01619,-0.00620
1274,24845,0.01413,0.01607,-0.05340
1275,25081,0.01130,-0.00823,0.01197
1276,25082,-0.10111,0.00591,0.01895
1277,25083,-0.06839,0.00707,0.00266
1278,25085,-0.03674,0.01503,-0.04943
1279,25085,0.03545,0.01828,-0.06142
